"","PROGRAMA RADIOFÔNICO “HORA MILAGROSA”01Porta do Céu29Alma Preciosa02Glorificação a Deus30Avante Povo Apostólico03Tudo Farei pra ser Fiel31Igreja Triunfante04Jesus não Sofreu em Vão32O Amparo Celeste05A Luz Gloriosa33Frutos do Teu Martírio06Hoje eu Sou Feliz34Oração do Pai Nosso07Vem a Jesus35Um Ministério Sagrado08Ouvi oh! Povo a Voz do Senhor36Oh! Como é Bom09Mensageiro do Senhor37Como é Bom ser desta Igreja10Sempre, Sempre Amar38Calvário11O Clarim Divino39Ministério Apostólico12O Caminho da Salvação40Exemplo Apostólico13Obreiros Apostos41Para ser Filho de Deus14Batalhão Celestial42Poder Vencedor15Cristo em Nós43Ações de Graças à Santa Vó Rosa16A Última Vitória44Igreja Unida17Semeador da Verdade45Com Voz de Triunfo Cantarei18Tuas Obras Falam46Onde Existe a Justiça de Deus19Semeadores do Evangelho47Palavra Bendita20O Pão da Vida48Somos o Povo de Deus21Levantai os Vossos Olhos49Surgiu o Povo Vencedor22A Maior Felicidade50O Reino do Céu23Igreja Restaurada51Caminho de Paz24Guarda a tua Coroa52O Resplendor da Vitória25Vitória do Reino Celestial53Um Santo Sacerdócio26A Missão Gloriosa54Eu Vim, Eu Vou27O Alento da Vida55Jesus e o Seu Poder Celestial28Igreja Prometida56O Sangue da RedençãoRua Baguari, 158 - Tatuapé - São Paulo - SP – CEP 03084-900 – Fone (11) 2941-7066 – (Copyright © 1954-2015)www.apostolica.com.br      www.horamilagrosa.org",,,,,
"",,,,,,
01,Porta do Céu,29,Alma Preciosa,,,
02,Glorificação a Deus,30,Avante Povo Apostólico,,,
"",,03,Tudo Farei pra ser Fiel,31,Igreja Triunfante,
04,Jesus não Sofreu em Vão,32,O Amparo Celeste,,,
05,A Luz Gloriosa,33,Frutos do Teu Martírio,,,
"",,06,Hoje eu Sou Feliz,34,Oração do Pai Nosso,
"",,07,Vem a Jesus,35,Um Ministério Sagrado,
08,Ouvi oh! Povo a Voz do Senhor,36,Oh! Como é Bom,,,
"",,09,Mensageiro do Senhor,37,Como é Bom ser desta Igreja,
"",,10,"Sempre, Sempre Amar",38,Calvário,
"",,11,O Clarim Divino,39,Ministério Apostólico,
"",,12,O Caminho da Salvação,40,Exemplo Apostólico,
"",,13,Obreiros Apostos,41,Para ser Filho de Deus,
"",,14,Batalhão Celestial,42,Poder Vencedor,
"",,15,Cristo em Nós,43,Ações de Graças à Santa Vó Rosa,
"",,16,A Última Vitória,44,Igreja Unida,
"",,17,Semeador da Verdade,45,Com Voz de Triunfo Cantarei,
"",,18,Tuas Obras Falam,46,Onde Existe a Justiça de Deus,
"",,19,Semeadores do Evangelho,47,Palavra Bendita,
"",,20,O Pão da Vida,48,Somos o Povo de Deus,
"",,21,Levantai os Vossos Olhos,49,Surgiu o Povo Vencedor,
"",,22,A Maior Felicidade,50,O Reino do Céu,
"",,23,Igreja Restaurada,51,Caminho de Paz,
"",,24,Guarda a tua Coroa,52,O Resplendor da Vitória,
"",,25,Vitória do Reino Celestial,53,Um Santo Sacerdócio,
"",,26,A Missão Gloriosa,54,"Eu Vim, Eu Vou",
"",,27,O Alento da Vida,55,Jesus e o Seu Poder Celestial,
"",,28,Igreja Prometida,56,O Sangue da Redenção,
"",,,,,,
"",,,,,,
"PROGRAMA RADIOFÔNICO “HORA MILAGROSA”01Porta do Céu29Alma Preciosa02Glorificação a Deus30Avante Povo Apostólico03Tudo Farei pra ser Fiel31Igreja Triunfante04Jesus não Sofreu em Vão32O Amparo Celeste05A Luz Gloriosa33Frutos do Teu Martírio06Hoje eu Sou Feliz34Oração do Pai Nosso07Vem a Jesus35Um Ministério Sagrado08Ouvi oh! Povo a Voz do Senhor36Oh! Como é Bom09Mensageiro do Senhor37Como é Bom ser desta Igreja10Sempre, Sempre Amar38Calvário11O Clarim Divino39Ministério Apostólico12O Caminho da Salvação40Exemplo Apostólico13Obreiros Apostos41Para ser Filho de Deus14Batalhão Celestial42Poder Vencedor15Cristo em Nós43Ações de Graças à Santa Vó Rosa16A Última Vitória44Igreja Unida17Semeador da Verdade45Com Voz de Triunfo Cantarei18Tuas Obras Falam46Onde Existe a Justiça de Deus19Semeadores do Evangelho47Palavra Bendita20O Pão da Vida48Somos o Povo de Deus21Levantai os Vossos Olhos49Surgiu o Povo Vencedor22A Maior Felicidade50O Reino do Céu23Igreja Restaurada51Caminho de Paz24Guarda a tua Coroa52O Resplendor da Vitória25Vitória do Reino Celestial53Um Santo Sacerdócio26A Missão Gloriosa54Eu Vim, Eu Vou27O Alento da Vida55Jesus e o Seu Poder Celestial28Igreja Prometida56O Sangue da RedençãoRua Baguari, 158 - Tatuapé - São Paulo - SP – CEP 03084-900 – Fone (11) 2941-7066 – (Copyright © 1954-2015)www.apostolica.com.br      www.horamilagrosa.org",
29,Alma Preciosa
30,Avante Povo Apostólico
31,Igreja Triunfante
32,O Amparo Celeste
33,Frutos do Teu Martírio
34,Oração do Pai Nosso
35,Um Ministério Sagrado
36,Oh! Como é Bom
37,Como é Bom ser desta Igreja
38,Calvário
39,Ministério Apostólico
40,Exemplo Apostólico
41,Para ser Filho de Deus
42,Poder Vencedor
43,Ações de Graças à Santa Vó Rosa
44,Igreja Unida
45,Com Voz de Triunfo Cantarei
46,Onde Existe a Justiça de Deus
47,Palavra Bendita
48,Somos o Povo de Deus
49,Surgiu o Povo Vencedor
50,O Reino do Céu
51,Caminho de Paz
52,O Resplendor da Vitória
53,Um Santo Sacerdócio
54,"Eu Vim, Eu Vou"
55,Jesus e o Seu Poder Celestial
56,O Sangue da Redenção
"PROGRAMA RADIOFÔNICO “HORA MILAGROSA”01Porta do Céu29Alma Preciosa02Glorificação a Deus30Avante Povo Apostólico03Tudo Farei pra ser Fiel31Igreja Triunfante04Jesus não Sofreu em Vão32O Amparo Celeste05A Luz Gloriosa33Frutos do Teu Martírio06Hoje eu Sou Feliz34Oração do Pai Nosso07Vem a Jesus35Um Ministério Sagrado08Ouvi oh! Povo a Voz do Senhor36Oh! Como é Bom09Mensageiro do Senhor37Como é Bom ser desta Igreja10Sempre, Sempre Amar38Calvário11O Clarim Divino39Ministério Apostólico12O Caminho da Salvação40Exemplo Apostólico13Obreiros Apostos41Para ser Filho de Deus14Batalhão Celestial42Poder Vencedor15Cristo em Nós43Ações de Graças à Santa Vó Rosa16A Última Vitória44Igreja Unida17Semeador da Verdade45Com Voz de Triunfo Cantarei18Tuas Obras Falam46Onde Existe a Justiça de Deus19Semeadores do Evangelho47Palavra Bendita20O Pão da Vida48Somos o Povo de Deus21Levantai os Vossos Olhos49Surgiu o Povo Vencedor22A Maior Felicidade50O Reino do Céu23Igreja Restaurada51Caminho de Paz24Guarda a tua Coroa52O Resplendor da Vitória25Vitória do Reino Celestial53Um Santo Sacerdócio26A Missão Gloriosa54Eu Vim, Eu Vou27O Alento da Vida55Jesus e o Seu Poder Celestial28Igreja Prometida56O Sangue da RedençãoRua Baguari, 158 - Tatuapé - São Paulo - SP – CEP 03084-900 – Fone (11) 2941-7066 – (Copyright © 1954-2015)www.apostolica.com.br      www.horamilagrosa.org",
01,Porta do Céu
02,Glorificação a Deus
03,Tudo Farei pra ser Fiel
04,Jesus não Sofreu em Vão
05,A Luz Gloriosa
06,Hoje eu Sou Feliz
07,Vem a Jesus
08,Ouvi oh! Povo a Voz do Senhor
09,Mensageiro do Senhor
10,"Sempre, Sempre Amar"
11,O Clarim Divino
12,O Caminho da Salvação
13,Obreiros Apostos
14,Batalhão Celestial
15,Cristo em Nós
16,A Última Vitória
17,Semeador da Verdade
18,Tuas Obras Falam
19,Semeadores do Evangelho
20,O Pão da Vida
21,Levantai os Vossos Olhos
22,A Maior Felicidade
23,Igreja Restaurada
24,Guarda a tua Coroa
25,Vitória do Reino Celestial
26,A Missão Gloriosa
27,O Alento da Vida
28,Igreja Prometida
