"","PROGRAMA RADIOFÔNICO “HORA MILAGROSA”CM - 01A Nossa MissãoCM - 51O Viver do AnjoCM - 02Adoração a JesusCM - 52Fiel Amigo MeuCM - 03Anjo de LuzCM - 53Homenagem aos Santos ApóstolosCM - 04Bom ServoCM - 54Um Ano Novo Vem ChegandoCM - 05Cada Dia Que PassaCM - 55Santo Aldo Água da VidaCM - 06Cristo Salvador da HumanidadeCM - 56Batalhão CelestialCM - 07Dia EscolhidoCM - 57Obreiros ApostosCM - 08É Preciso Ser Como Ele FoiCM - 58AvançaiCM - 09EsperançasCM - 59Graças Te Damos Senhor DeusCM - 10O Espírito Santo e a Família ApostólicaCM - 60Jornada da VidaCM - 11Fala ao Meu CoraçãoCM - 61Tudo IluminouCM - 12Forças das VirtudesCM - 62Sede Imitadores de DeusCM - 13Gloriosa História de AmorCM - 63Profeta ApostólicoCM - 14Graças a Jesus Pelo ConsoladorCM - 64Quem Crer Em Nossa PalavraCM - 15História de ConversãoCM - 65Noite SilenciosaCM - 16Imagem de DeusCM - 66A Grande DataCM - 17Jesus a Luz Deste MundoCM - 67A Missão do MessiasCM - 18Lição de Vida do ConsoladorCM - 68Teu Sacrifício JesusCM - 19Linda História de AmorCM - 69Expressões de JesusCM - 20Novo Tempo, Nova EraCM - 70Louvor Pela VidaCM - 21O Profeta que ConhecemosCM - 71Família ApostólicaCM - 22Os Dons dos ProfetasCM - 72Ouvi o ConsoladorCM - 23Ao Senhor JesusCM - 73Príncipe da PazCM - 24Santo ExemploCM - 74O Nascimento do SalvadorCM - 25Palavras de OraçãoCM - 75Deus Quer Te AjudarCM - 26Paz, Amor e UniãoCM - 76Eu Venci, Vó VencereisCM - 27Prece a Maria SantíssimaCM - 77Natal, Alegria, União e PazCM - 28Profeta CorajosoCM - 29Profeta do AmorCM - 30RelembrandoCM - 31Sempre Alegre a CaminharCM - 32Vem Para a Igreja Sentir o AmorCM - 33Firme AlicerceCM - 34Vou Morar Com Meu SenhorCM - 35Um Canto Pra JesusCM - 36Bem Vindos à Casa do SenhorCM - 37Poder Que Vem de DeusCM - 38Amor de MãeCM - 39Milhares de AnjosCM - 40Nossa CançãoCM - 41Santas MãesCM - 42Povo do SenhorCM - 43Igreja Tão FelizCM - 44Lágrimas do CoraçãoCM - 45A Maior AlegriaCM - 46Ao único DeusCM - 47Glória ao PaiCM - 48Momentos de VitóriasCM - 49O Amor de Deus é ImensoCM - 50Dia das Mães é Todo DiaRua Baguari, 158 - Tatuapé - São Paulo - SP – CEP 03084-900 – Fone (11) 2941-7066 – (Copyright © 1954-2015)www.apostolica.com.br      www.horamilagrosa.org",,,,
"",,,,,
"",,,,,
"",,CM - 01,A Nossa Missão,CM - 51,O Viver do Anjo
"",,CM - 02,Adoração a Jesus,CM - 52,Fiel Amigo Meu
"",,CM - 03,Anjo de Luz,CM - 53,Homenagem aos Santos Apóstolos
CM - 04,Bom Servo,CM - 54,Um Ano Novo Vem Chegando,,
"",,CM - 05,Cada Dia Que Passa,CM - 55,Santo Aldo Água da Vida
"",,CM - 06,Cristo Salvador da Humanidade,CM - 56,Batalhão Celestial
CM - 07,Dia Escolhido,CM - 57,Obreiros Apostos,,
"",,CM - 08,É Preciso Ser Como Ele Foi,CM - 58,Avançai
CM - 09,Esperanças,CM - 59,Graças Te Damos Senhor Deus,,
"",,CM - 10,O Espírito Santo e a Família Apostólica,CM - 60,Jornada da Vida
"",,CM - 11,Fala ao Meu Coração,CM - 61,Tudo Iluminou
CM - 12,Forças das Virtudes,CM - 62,Sede Imitadores de Deus,,
"",,CM - 13,Gloriosa História de Amor,CM - 63,Profeta Apostólico
"",,CM - 14,Graças a Jesus Pelo Consolador,CM - 64,Quem Crer Em Nossa Palavra
"",,CM - 15,História de Conversão,CM - 65,Noite Silenciosa
"",,CM - 16,Imagem de Deus,CM - 66,A Grande Data
"",,CM - 17,Jesus a Luz Deste Mundo,CM - 67,A Missão do Messias
"",,CM - 18,Lição de Vida do Consolador,CM - 68,Teu Sacrifício Jesus
"",,CM - 19,Linda História de Amor,CM - 69,Expressões de Jesus
"",,CM - 20,"Novo Tempo, Nova Era",CM - 70,Louvor Pela Vida
"",,CM - 21,O Profeta que Conhecemos,CM - 71,Família Apostólica
"",,CM - 22,Os Dons dos Profetas,CM - 72,Ouvi o Consolador
"",,CM - 23,Ao Senhor Jesus,CM - 73,Príncipe da Paz
"",,CM - 24,Santo Exemplo,CM - 74,O Nascimento do Salvador
"",,CM - 25,Palavras de Oração,CM - 75,Deus Quer Te Ajudar
"",,CM - 26,"Paz, Amor e União",CM - 76,"Eu Venci, Vó Vencereis"
"",,CM - 27,Prece a Maria Santíssima,CM - 77,"Natal, Alegria, União e Paz"
"",,CM - 28,Profeta Corajoso,,
"",,CM - 29,Profeta do Amor,,
"",,CM - 30,Relembrando,,
"",,CM - 31,Sempre Alegre a Caminhar,,
"",,CM - 32,Vem Para a Igreja Sentir o Amor,,
"",,CM - 33,Firme Alicerce,,
"",,CM - 34,Vou Morar Com Meu Senhor,,
"",,CM - 35,Um Canto Pra Jesus,,
"",,CM - 36,Bem Vindos à Casa do Senhor,,
"",,CM - 37,Poder Que Vem de Deus,,
"",,CM - 38,Amor de Mãe,,
"",,CM - 39,Milhares de Anjos,,
"",,CM - 40,Nossa Canção,,
"",,CM - 41,Santas Mães,,
"",,CM - 42,Povo do Senhor,,
"",,CM - 43,Igreja Tão Feliz,,
"",,CM - 44,Lágrimas do Coração,,
"",,CM - 45,A Maior Alegria,,
"",,CM - 46,Ao único Deus,,
"",,CM - 47,Glória ao Pai,,
"",,CM - 48,Momentos de Vitórias,,
"",,CM - 49,O Amor de Deus é Imenso,,
"",,CM - 50,Dia das Mães é Todo Dia,,
"",,,,,
"PROGRAMA RADIOFÔNICO “HORA MILAGROSA”CM - 01A Nossa MissãoCM - 51O Viver do AnjoCM - 02Adoração a JesusCM - 52Fiel Amigo MeuCM - 03Anjo de LuzCM - 53Homenagem aos Santos ApóstolosCM - 04Bom ServoCM - 54Um Ano Novo Vem ChegandoCM - 05Cada Dia Que PassaCM - 55Santo Aldo Água da VidaCM - 06Cristo Salvador da HumanidadeCM - 56Batalhão CelestialCM - 07Dia EscolhidoCM - 57Obreiros ApostosCM - 08É Preciso Ser Como Ele FoiCM - 58AvançaiCM - 09EsperançasCM - 59Graças Te Damos Senhor DeusCM - 10O Espírito Santo e a Família ApostólicaCM - 60Jornada da VidaCM - 11Fala ao Meu CoraçãoCM - 61Tudo IluminouCM - 12Forças das VirtudesCM - 62Sede Imitadores de DeusCM - 13Gloriosa História de AmorCM - 63Profeta ApostólicoCM - 14Graças a Jesus Pelo ConsoladorCM - 64Quem Crer Em Nossa PalavraCM - 15História de ConversãoCM - 65Noite SilenciosaCM - 16Imagem de DeusCM - 66A Grande DataCM - 17Jesus a Luz Deste MundoCM - 67A Missão do MessiasCM - 18Lição de Vida do ConsoladorCM - 68Teu Sacrifício JesusCM - 19Linda História de AmorCM - 69Expressões de JesusCM - 20Novo Tempo, Nova EraCM - 70Louvor Pela VidaCM - 21O Profeta que ConhecemosCM - 71Família ApostólicaCM - 22Os Dons dos ProfetasCM - 72Ouvi o ConsoladorCM - 23Ao Senhor JesusCM - 73Príncipe da PazCM - 24Santo ExemploCM - 74O Nascimento do SalvadorCM - 25Palavras de OraçãoCM - 75Deus Quer Te AjudarCM - 26Paz, Amor e UniãoCM - 76Eu Venci, Vó VencereisCM - 27Prece a Maria SantíssimaCM - 77Natal, Alegria, União e PazCM - 28Profeta CorajosoCM - 29Profeta do AmorCM - 30RelembrandoCM - 31Sempre Alegre a CaminharCM - 32Vem Para a Igreja Sentir o AmorCM - 33Firme AlicerceCM - 34Vou Morar Com Meu SenhorCM - 35Um Canto Pra JesusCM - 36Bem Vindos à Casa do SenhorCM - 37Poder Que Vem de DeusCM - 38Amor de MãeCM - 39Milhares de AnjosCM - 40Nossa CançãoCM - 41Santas MãesCM - 42Povo do SenhorCM - 43Igreja Tão FelizCM - 44Lágrimas do CoraçãoCM - 45A Maior AlegriaCM - 46Ao único DeusCM - 47Glória ao PaiCM - 48Momentos de VitóriasCM - 49O Amor de Deus é ImensoCM - 50Dia das Mães é Todo DiaRua Baguari, 158 - Tatuapé - São Paulo - SP – CEP 03084-900 – Fone (11) 2941-7066 – (Copyright © 1954-2015)www.apostolica.com.br      www.horamilagrosa.org",
"",
"PROGRAMA RADIOFÔNICO “HORA MILAGROSA”CM - 01A Nossa MissãoCM - 51O Viver do AnjoCM - 02Adoração a JesusCM - 52Fiel Amigo MeuCM - 03Anjo de LuzCM - 53Homenagem aos Santos ApóstolosCM - 04Bom ServoCM - 54Um Ano Novo Vem ChegandoCM - 05Cada Dia Que PassaCM - 55Santo Aldo Água da VidaCM - 06Cristo Salvador da HumanidadeCM - 56Batalhão CelestialCM - 07Dia EscolhidoCM - 57Obreiros ApostosCM - 08É Preciso Ser Como Ele FoiCM - 58AvançaiCM - 09EsperançasCM - 59Graças Te Damos Senhor DeusCM - 10O Espírito Santo e a Família ApostólicaCM - 60Jornada da VidaCM - 11Fala ao Meu CoraçãoCM - 61Tudo IluminouCM - 12Forças das VirtudesCM - 62Sede Imitadores de DeusCM - 13Gloriosa História de AmorCM - 63Profeta ApostólicoCM - 14Graças a Jesus Pelo ConsoladorCM - 64Quem Crer Em Nossa PalavraCM - 15História de ConversãoCM - 65Noite SilenciosaCM - 16Imagem de DeusCM - 66A Grande DataCM - 17Jesus a Luz Deste MundoCM - 67A Missão do MessiasCM - 18Lição de Vida do ConsoladorCM - 68Teu Sacrifício JesusCM - 19Linda História de AmorCM - 69Expressões de JesusCM - 20Novo Tempo, Nova EraCM - 70Louvor Pela VidaCM - 21O Profeta que ConhecemosCM - 71Família ApostólicaCM - 22Os Dons dos ProfetasCM - 72Ouvi o ConsoladorCM - 23Ao Senhor JesusCM - 73Príncipe da PazCM - 24Santo ExemploCM - 74O Nascimento do SalvadorCM - 25Palavras de OraçãoCM - 75Deus Quer Te AjudarCM - 26Paz, Amor e UniãoCM - 76Eu Venci, Vó VencereisCM - 27Prece a Maria SantíssimaCM - 77Natal, Alegria, União e PazCM - 28Profeta CorajosoCM - 29Profeta do AmorCM - 30RelembrandoCM - 31Sempre Alegre a CaminharCM - 32Vem Para a Igreja Sentir o AmorCM - 33Firme AlicerceCM - 34Vou Morar Com Meu SenhorCM - 35Um Canto Pra JesusCM - 36Bem Vindos à Casa do SenhorCM - 37Poder Que Vem de DeusCM - 38Amor de MãeCM - 39Milhares de AnjosCM - 40Nossa CançãoCM - 41Santas MãesCM - 42Povo do SenhorCM - 43Igreja Tão FelizCM - 44Lágrimas do CoraçãoCM - 45A Maior AlegriaCM - 46Ao único DeusCM - 47Glória ao PaiCM - 48Momentos de VitóriasCM - 49O Amor de Deus é ImensoCM - 50Dia das Mães é Todo DiaRua Baguari, 158 - Tatuapé - São Paulo - SP – CEP 03084-900 – Fone (11) 2941-7066 – (Copyright © 1954-2015)www.apostolica.com.br      www.horamilagrosa.org",
CM - 51,O Viver do Anjo
CM - 52,Fiel Amigo Meu
CM - 53,Homenagem aos Santos Apóstolos
CM - 54,Um Ano Novo Vem Chegando
CM - 55,Santo Aldo Água da Vida
CM - 56,Batalhão Celestial
CM - 57,Obreiros Apostos
CM - 58,Avançai
CM - 59,Graças Te Damos Senhor Deus
CM - 60,Jornada da Vida
CM - 61,Tudo Iluminou
CM - 62,Sede Imitadores de Deus
CM - 63,Profeta Apostólico
CM - 64,Quem Crer Em Nossa Palavra
CM - 65,Noite Silenciosa
CM - 66,A Grande Data
CM - 67,A Missão do Messias
CM - 68,Teu Sacrifício Jesus
CM - 69,Expressões de Jesus
CM - 70,Louvor Pela Vida
CM - 71,Família Apostólica
CM - 72,Ouvi o Consolador
CM - 73,Príncipe da Paz
CM - 74,O Nascimento do Salvador
CM - 75,Deus Quer Te Ajudar
CM - 76,"Eu Venci, Vó Vencereis"
CM - 77,"Natal, Alegria, União e Paz"
"",
"",
"",
"",
"",
"",
"",
"",
"",
"",
"",
"",
"",
"",
"",
"",
"",
"",
"",
"",
"",
"",
"",
"PROGRAMA RADIOFÔNICO “HORA MILAGROSA”CM - 01A Nossa MissãoCM - 51O Viver do AnjoCM - 02Adoração a JesusCM - 52Fiel Amigo MeuCM - 03Anjo de LuzCM - 53Homenagem aos Santos ApóstolosCM - 04Bom ServoCM - 54Um Ano Novo Vem ChegandoCM - 05Cada Dia Que PassaCM - 55Santo Aldo Água da VidaCM - 06Cristo Salvador da HumanidadeCM - 56Batalhão CelestialCM - 07Dia EscolhidoCM - 57Obreiros ApostosCM - 08É Preciso Ser Como Ele FoiCM - 58AvançaiCM - 09EsperançasCM - 59Graças Te Damos Senhor DeusCM - 10O Espírito Santo e a Família ApostólicaCM - 60Jornada da VidaCM - 11Fala ao Meu CoraçãoCM - 61Tudo IluminouCM - 12Forças das VirtudesCM - 62Sede Imitadores de DeusCM - 13Gloriosa História de AmorCM - 63Profeta ApostólicoCM - 14Graças a Jesus Pelo ConsoladorCM - 64Quem Crer Em Nossa PalavraCM - 15História de ConversãoCM - 65Noite SilenciosaCM - 16Imagem de DeusCM - 66A Grande DataCM - 17Jesus a Luz Deste MundoCM - 67A Missão do MessiasCM - 18Lição de Vida do ConsoladorCM - 68Teu Sacrifício JesusCM - 19Linda História de AmorCM - 69Expressões de JesusCM - 20Novo Tempo, Nova EraCM - 70Louvor Pela VidaCM - 21O Profeta que ConhecemosCM - 71Família ApostólicaCM - 22Os Dons dos ProfetasCM - 72Ouvi o ConsoladorCM - 23Ao Senhor JesusCM - 73Príncipe da PazCM - 24Santo ExemploCM - 74O Nascimento do SalvadorCM - 25Palavras de OraçãoCM - 75Deus Quer Te AjudarCM - 26Paz, Amor e UniãoCM - 76Eu Venci, Vó VencereisCM - 27Prece a Maria SantíssimaCM - 77Natal, Alegria, União e PazCM - 28Profeta CorajosoCM - 29Profeta do AmorCM - 30RelembrandoCM - 31Sempre Alegre a CaminharCM - 32Vem Para a Igreja Sentir o AmorCM - 33Firme AlicerceCM - 34Vou Morar Com Meu SenhorCM - 35Um Canto Pra JesusCM - 36Bem Vindos à Casa do SenhorCM - 37Poder Que Vem de DeusCM - 38Amor de MãeCM - 39Milhares de AnjosCM - 40Nossa CançãoCM - 41Santas MãesCM - 42Povo do SenhorCM - 43Igreja Tão FelizCM - 44Lágrimas do CoraçãoCM - 45A Maior AlegriaCM - 46Ao único DeusCM - 47Glória ao PaiCM - 48Momentos de VitóriasCM - 49O Amor de Deus é ImensoCM - 50Dia das Mães é Todo DiaRua Baguari, 158 - Tatuapé - São Paulo - SP – CEP 03084-900 – Fone (11) 2941-7066 – (Copyright © 1954-2015)www.apostolica.com.br      www.horamilagrosa.org",
CM - 01,A Nossa Missão
CM - 02,Adoração a Jesus
CM - 03,Anjo de Luz
CM - 04,Bom Servo
CM - 05,Cada Dia Que Passa
CM - 06,Cristo Salvador da Humanidade
CM - 07,Dia Escolhido
CM - 08,É Preciso Ser Como Ele Foi
CM - 09,Esperanças
CM - 10,O Espírito Santo e a Família Apostólica
CM - 11,Fala ao Meu Coração
CM - 12,Forças das Virtudes
CM - 13,Gloriosa História de Amor
CM - 14,Graças a Jesus Pelo Consolador
CM - 15,História de Conversão
CM - 16,Imagem de Deus
CM - 17,Jesus a Luz Deste Mundo
CM - 18,Lição de Vida do Consolador
CM - 19,Linda História de Amor
CM - 20,"Novo Tempo, Nova Era"
CM - 21,O Profeta que Conhecemos
CM - 22,Os Dons dos Profetas
CM - 23,Ao Senhor Jesus
CM - 24,Santo Exemplo
CM - 25,Palavras de Oração
CM - 26,"Paz, Amor e União"
CM - 27,Prece a Maria Santíssima
CM - 28,Profeta Corajoso
CM - 29,Profeta do Amor
CM - 30,Relembrando
CM - 31,Sempre Alegre a Caminhar
CM - 32,Vem Para a Igreja Sentir o Amor
CM - 33,Firme Alicerce
CM - 34,Vou Morar Com Meu Senhor
CM - 35,Um Canto Pra Jesus
CM - 36,Bem Vindos à Casa do Senhor
CM - 37,Poder Que Vem de Deus
CM - 38,Amor de Mãe
CM - 39,Milhares de Anjos
CM - 40,Nossa Canção
CM - 41,Santas Mães
CM - 42,Povo do Senhor
CM - 43,Igreja Tão Feliz
CM - 44,Lágrimas do Coração
CM - 45,A Maior Alegria
CM - 46,Ao único Deus
CM - 47,Glória ao Pai
CM - 48,Momentos de Vitórias
CM - 49,O Amor de Deus é Imenso
CM - 50,Dia das Mães é Todo Dia
